Workbook

Sheet Start Here
A1: Bank Reconciliation Workpaper
A4: Client Name | B4: Northstar Components LLC
A5: Bank Account | B5: Operating Account ••4821
A6: Statement Date | B6: 46203
A7: Prepared By | B7: Taylor Morgan
A8: Review Date | B8: 46213
A9: Input Mode | B9: Paste Import
A10: Currency | B10: USD
A11: Reconciliation Tolerance | B11: 0.01
A14: Workflow
A15: 1. Confirm the client, bank account, dates, selected input mode, and tolerance.
A16: 2. Paste bank reconciliation detail or enter reconciling items manually in blue cells.
A17: 3. Classify each item and resolve duplicate, incomplete, and unresolved review flags.
A18: 4. Print or export the Summary only after the difference is within tolerance and unresolved items are cleared.
A22: Color | B22: Meaning
A23: Blue text | B23: Editable input
A24: Black text | B24: Formula or calculated result
A25: Amber or red | B25: Review item or failed control

Sheet Paste Import
A1: Paste Import — Bank Reconciliation
A2: Statement Balance | B2: 51200 | C2: Sign convention: checks and deposits = positive; bank and book adjustments = signed.
A3: Book Balance | B3: 50000
A4: Statement Date | B4: 46203
A5: Date | B5: Reference | C5: Description | D5: Amount | E5: Source | F5: Reconciliation Type | G5: Cleared Status | H5: Notes
A6: 46203 | B6: CHK-1042 | C6: Vendor payment | D6: 2500 | E6: Books | F6: Outstanding Check | G6: Open | H6: Clears next period
A7: 46203 | B7: DEP-0630 | C7: Month-end customer deposit | D7: 3000 | E7: Books | F7: Deposit in Transit | G7: Open | H7: Deposited at month-end
A8: 46203 | B8: FEE-0630 | C8: Bank service fee | D8: -50 | E8: Bank | F8: Bank Adjustment | G8: Cleared | H8: Post fee to the ledger
A9: 46203 | B9: JE-0630 | C9: Book-side correction | D9: 1650 | E9: Books | F9: Book Adjustment | G9: Cleared | H9: Approved adjustment
A10: 46203 | B10: UNR-0630 | C10: Unidentified bank debit | D10: 75 | E10: Bank | F10: Unresolved | G10: Open | H10: Research in progress
A11: 46203 | B11: CLR-0021 | C11: Cleared transfer — bank | D11: 100 | E11: Bank | F11: Cleared | G11: Cleared | H11: Matched item
A12: 46203 | B12: CLR-0021 | C12: Cleared transfer — books | D12: -100 | E12: Books | F12: Cleared | G12: Cleared | H12: Matched item

Sheet Manual Input
A1: Manual Input — Bank Reconciliation
A2: Statement Balance | B2: 51200 | C2: Sign convention: checks and deposits = positive; bank and book adjustments = signed.
A3: Book Balance | B3: 50000
A4: Statement Date | B4: 46203
A5: Date | B5: Reference | C5: Description | D5: Amount | E5: Source | F5: Reconciliation Type | G5: Cleared Status | H5: Notes
A6: 46203 | B6: CHK-1042 | C6: Vendor payment | D6: 2500 | E6: Books | F6: Outstanding Check | G6: Open | H6: Clears next period
A7: 46203 | B7: DEP-0630 | C7: Month-end customer deposit | D7: 3000 | E7: Books | F7: Deposit in Transit | G7: Open | H7: Deposited at month-end
A8: 46203 | B8: FEE-0630 | C8: Bank service fee | D8: -50 | E8: Bank | F8: Bank Adjustment | G8: Cleared | H8: Post fee to the ledger
A9: 46203 | B9: JE-0630 | C9: Book-side correction | D9: 1650 | E9: Books | F9: Book Adjustment | G9: Cleared | H9: Approved adjustment
A10: 46203 | B10: UNR-0630 | C10: Unidentified bank debit | D10: 75 | E10: Bank | F10: Unresolved | G10: Open | H10: Research in progress
A11: 46203 | B11: CLR-0021 | C11: Cleared transfer — bank | D11: 100 | E11: Bank | F11: Cleared | G11: Cleared | H11: Matched item
A12: 46203 | B12: CLR-0021 | C12: Cleared transfer — books | D12: -100 | E12: Books | F12: Cleared | G12: Cleared | H12: Matched item

Sheet Review
A1: Bank Reconciliation Review
A4: Formula-driven review of the selected input mode. Resolve duplicate, incomplete, and unresolved items before sign-off.
A5: Date | B5: Reference | C5: Description | D5: Amount | E5: Source | F5: Reconciliation Type | G5: Cleared Status | H5: Notes | I5: Duplicate | J5: Input Check
A6: =IF('Start Here'!$B$8="Paste Import",'Paste Import'!A6,'Manual Input'!A6) -> 46203 | B6: =IF('Start Here'!$B$8="Paste Import",'Paste Import'!B6,'Manual Input'!B6) -> CHK-1042 | C6: =IF('Start Here'!$B$8="Paste Import",'Paste Import'!C6,'Manual Input'!C6) -> Vendor payment | D6: =IF('Start Here'!$B$8="Paste Import",'Paste Import'!D6,'Manual Input'!D6) -> 2500 | E6: =IF('Start Here'!$B$8="Paste Import",'Paste Import'!E6,'Manual Input'!E6) -> Books | F6: =IF('Start Here'!$B$8="Paste Import",'Paste Import'!F6,'Manual Input'!F6) -> Outstanding Check | G6: =IF('Start Here'!$B$8="Paste Import",'Paste Import'!G6,'Manual Input'!G6) -> Open | H6: =IF('Start Here'!$B$8="Paste Import",'Paste Import'!H6,'Manual Input'!H6) -> Clears next period | I6: =IF(B6="","",IF(COUNTIF($B$6:$B$105,B6)>1,"Duplicate","")) | J6: =IF(COUNTA(A6:H6)=0,"",IF(OR(A6="",D6="",E6="",F6=""),"Incomplete",IF(F6="Unresolved","Review","OK"))) -> OK
A7: =IF('Start Here'!$B$8="Paste Import",'Paste Import'!A7,'Manual Input'!A7) -> 46203 | B7: =IF('Start Here'!$B$8="Paste Import",'Paste Import'!B7,'Manual Input'!B7) -> DEP-0630 | C7: =IF('Start Here'!$B$8="Paste Import",'Paste Import'!C7,'Manual Input'!C7) -> Month-end customer deposit | D7: =IF('Start Here'!$B$8="Paste Import",'Paste Import'!D7,'Manual Input'!D7) -> 3000 | E7: =IF('Start Here'!$B$8="Paste Import",'Paste Import'!E7,'Manual Input'!E7) -> Books | F7: =IF('Start Here'!$B$8="Paste Import",'Paste Import'!F7,'Manual Input'!F7) -> Deposit in Transit | G7: =IF('Start Here'!$B$8="Paste Import",'Paste Import'!G7,'Manual Input'!G7) -> Open | H7: =IF('Start Here'!$B$8="Paste Import",'Paste Import'!H7,'Manual Input'!H7) -> Deposited at month-end | I7: =IF(B7="","",IF(COUNTIF($B$6:$B$105,B7)>1,"Duplicate","")) | J7: =IF(COUNTA(A7:H7)=0,"",IF(OR(A7="",D7="",E7="",F7=""),"Incomplete",IF(F7="Unresolved","Review","OK"))) -> OK
A8: =IF('Start Here'!$B$8="Paste Import",'Paste Import'!A8,'Manual Input'!A8) -> 46203 | B8: =IF('Start Here'!$B$8="Paste Import",'Paste Import'!B8,'Manual Input'!B8) -> FEE-0630 | C8: =IF('Start Here'!$B$8="Paste Import",'Paste Import'!C8,'Manual Input'!C8) -> Bank service fee | D8: =IF('Start Here'!$B$8="Paste Import",'Paste Import'!D8,'Manual Input'!D8) -> -50 | E8: =IF('Start Here'!$B$8="Paste Import",'Paste Import'!E8,'Manual Input'!E8) -> Bank | F8: =IF('Start Here'!$B$8="Paste Import",'Paste Import'!F8,'Manual Input'!F8) -> Bank Adjustment | G8: =IF('Start Here'!$B$8="Paste Import",'Paste Import'!G8,'Manual Input'!G8) -> Cleared | H8: =IF('Start Here'!$B$8="Paste Import",'Paste Import'!H8,'Manual Input'!H8) -> Post fee to the ledger | I8: =IF(B8="","",IF(COUNTIF($B$6:$B$105,B8)>1,"Duplicate","")) | J8: =IF(COUNTA(A8:H8)=0,"",IF(OR(A8="",D8="",E8="",F8=""),"Incomplete",IF(F8="Unresolved","Review","OK"))) -> OK
A9: =IF('Start Here'!$B$8="Paste Import",'Paste Import'!A9,'Manual Input'!A9) -> 46203 | B9: =IF('Start Here'!$B$8="Paste Import",'Paste Import'!B9,'Manual Input'!B9) -> JE-0630 | C9: =IF('Start Here'!$B$8="Paste Import",'Paste Import'!C9,'Manual Input'!C9) -> Book-side correction | D9: =IF('Start Here'!$B$8="Paste Import",'Paste Import'!D9,'Manual Input'!D9) -> 1650 | E9: =IF('Start Here'!$B$8="Paste Import",'Paste Import'!E9,'Manual Input'!E9) -> Books | F9: =IF('Start Here'!$B$8="Paste Import",'Paste Import'!F9,'Manual Input'!F9) -> Book Adjustment | G9: =IF('Start Here'!$B$8="Paste Import",'Paste Import'!G9,'Manual Input'!G9) -> Cleared | H9: =IF('Start Here'!$B$8="Paste Import",'Paste Import'!H9,'Manual Input'!H9) -> Approved adjustment | I9: =IF(B9="","",IF(COUNTIF($B$6:$B$105,B9)>1,"Duplicate","")) | J9: =IF(COUNTA(A9:H9)=0,"",IF(OR(A9="",D9="",E9="",F9=""),"Incomplete",IF(F9="Unresolved","Review","OK"))) -> OK
A10: =IF('Start Here'!$B$8="Paste Import",'Paste Import'!A10,'Manual Input'!A10) -> 46203 | B10: =IF('Start Here'!$B$8="Paste Import",'Paste Import'!B10,'Manual Input'!B10) -> UNR-0630 | C10: =IF('Start Here'!$B$8="Paste Import",'Paste Import'!C10,'Manual Input'!C10) -> Unidentified bank debit | D10: =IF('Start Here'!$B$8="Paste Import",'Paste Import'!D10,'Manual Input'!D10) -> 75 | E10: =IF('Start Here'!$B$8="Paste Import",'Paste Import'!E10,'Manual Input'!E10) -> Bank | F10: =IF('Start Here'!$B$8="Paste Import",'Paste Import'!F10,'Manual Input'!F10) -> Unresolved | G10: =IF('Start Here'!$B$8="Paste Import",'Paste Import'!G10,'Manual Input'!G10) -> Open | H10: =IF('Start Here'!$B$8="Paste Import",'Paste Import'!H10,'Manual Input'!H10) -> Research in progress | I10: =IF(B10="","",IF(COUNTIF($B$6:$B$105,B10)>1,"Duplicate","")) | J10: =IF(COUNTA(A10:H10)=0,"",IF(OR(A10="",D10="",E10="",F10=""),"Incomplete",IF(F10="Unresolved","Review","OK"))) -> Review
A11: =IF('Start Here'!$B$8="Paste Import",'Paste Import'!A11,'Manual Input'!A11) -> 46203 | B11: =IF('Start Here'!$B$8="Paste Import",'Paste Import'!B11,'Manual Input'!B11) -> CLR-0021 | C11: =IF('Start Here'!$B$8="Paste Import",'Paste Import'!C11,'Manual Input'!C11) -> Cleared transfer — bank | D11: =IF('Start Here'!$B$8="Paste Import",'Paste Import'!D11,'Manual Input'!D11) -> 100 | E11: =IF('Start Here'!$B$8="Paste Import",'Paste Import'!E11,'Manual Input'!E11) -> Bank | F11: =IF('Start Here'!$B$8="Paste Import",'Paste Import'!F11,'Manual Input'!F11) -> Cleared | G11: =IF('Start Here'!$B$8="Paste Import",'Paste Import'!G11,'Manual Input'!G11) -> Cleared | H11: =IF('Start Here'!$B$8="Paste Import",'Paste Import'!H11,'Manual Input'!H11) -> Matched item | I11: =IF(B11="","",IF(COUNTIF($B$6:$B$105,B11)>1,"Duplicate","")) -> Duplicate | J11: =IF(COUNTA(A11:H11)=0,"",IF(OR(A11="",D11="",E11="",F11=""),"Incomplete",IF(F11="Unresolved","Review","OK"))) -> OK
A12: =IF('Start Here'!$B$8="Paste Import",'Paste Import'!A12,'Manual Input'!A12) -> 46203 | B12: =IF('Start Here'!$B$8="Paste Import",'Paste Import'!B12,'Manual Input'!B12) -> CLR-0021 | C12: =IF('Start Here'!$B$8="Paste Import",'Paste Import'!C12,'Manual Input'!C12) -> Cleared transfer — books | D12: =IF('Start Here'!$B$8="Paste Import",'Paste Import'!D12,'Manual Input'!D12) -> -100 | E12: =IF('Start Here'!$B$8="Paste Import",'Paste Import'!E12,'Manual Input'!E12) -> Books | F12: =IF('Start Here'!$B$8="Paste Import",'Paste Import'!F12,'Manual Input'!F12) -> Cleared | G12: =IF('Start Here'!$B$8="Paste Import",'Paste Import'!G12,'Manual Input'!G12) -> Cleared | H12: =IF('Start Here'!$B$8="Paste Import",'Paste Import'!H12,'Manual Input'!H12) -> Matched item | I12: =IF(B12="","",IF(COUNTIF($B$6:$B$105,B12)>1,"Duplicate","")) -> Duplicate | J12: =IF(COUNTA(A12:H12)=0,"",IF(OR(A12="",D12="",E12="",F12=""),"Incomplete",IF(F12="Unresolved","Review","OK"))) -> OK
A13: =IF('Start Here'!$B$8="Paste Import",'Paste Import'!A13,'Manual Input'!A13) | B13: =IF('Start Here'!$B$8="Paste Import",'Paste Import'!B13,'Manual Input'!B13) | C13: =IF('Start Here'!$B$8="Paste Import",'Paste Import'!C13,'Manual Input'!C13) | D13: =IF('Start Here'!$B$8="Paste Import",'Paste Import'!D13,'Manual Input'!D13) | E13: =IF('Start Here'!$B$8="Paste Import",'Paste Import'!E13,'Manual Input'!E13) | F13: =IF('Start Here'!$B$8="Paste Import",'Paste Import'!F13,'Manual Input'!F13) | G13: =IF('Start Here'!$B$8="Paste Import",'Paste Import'!G13,'Manual Input'!G13) | H13: =IF('Start Here'!$B$8="Paste Import",'Paste Import'!H13,'Manual Input'!H13) | I13: =IF(B13="","",IF(COUNTIF($B$6:$B$105,B13)>1,"Duplicate","")) | J13: =IF(COUNTA(A13:H13)=0,"",IF(OR(A13="",D13="",E13="",F13=""),"Incomplete",IF(F13="Unresolved","Review","OK")))
A14: =IF('Start Here'!$B$8="Paste Import",'Paste Import'!A14,'Manual Input'!A14) | B14: =IF('Start Here'!$B$8="Paste Import",'Paste Import'!B14,'Manual Input'!B14) | C14: =IF('Start Here'!$B$8="Paste Import",'Paste Import'!C14,'Manual Input'!C14) | D14: =IF('Start Here'!$B$8="Paste Import",'Paste Import'!D14,'Manual Input'!D14) | E14: =IF('Start Here'!$B$8="Paste Import",'Paste Import'!E14,'Manual Input'!E14) | F14: =IF('Start Here'!$B$8="Paste Import",'Paste Import'!F14,'Manual Input'!F14) | G14: =IF('Start Here'!$B$8="Paste Import",'Paste Import'!G14,'Manual Input'!G14) | H14: =IF('Start Here'!$B$8="Paste Import",'Paste Import'!H14,'Manual Input'!H14) | I14: =IF(B14="","",IF(COUNTIF($B$6:$B$105,B14)>1,"Duplicate","")) | J14: =IF(COUNTA(A14:H14)=0,"",IF(OR(A14="",D14="",E14="",F14=""),"Incomplete",IF(F14="Unresolved","Review","OK")))
A15: =IF('Start Here'!$B$8="Paste Import",'Paste Import'!A15,'Manual Input'!A15) | B15: =IF('Start Here'!$B$8="Paste Import",'Paste Import'!B15,'Manual Input'!B15) | C15: =IF('Start Here'!$B$8="Paste Import",'Paste Import'!C15,'Manual Input'!C15) | D15: =IF('Start Here'!$B$8="Paste Import",'Paste Import'!D15,'Manual Input'!D15) | E15: =IF('Start Here'!$B$8="Paste Import",'Paste Import'!E15,'Manual Input'!E15) | F15: =IF('Start Here'!$B$8="Paste Import",'Paste Import'!F15,'Manual Input'!F15) | G15: =IF('Start Here'!$B$8="Paste Import",'Paste Import'!G15,'Manual Input'!G15) | H15: =IF('Start Here'!$B$8="Paste Import",'Paste Import'!H15,'Manual Input'!H15) | I15: =IF(B15="","",IF(COUNTIF($B$6:$B$105,B15)>1,"Duplicate","")) | J15: =IF(COUNTA(A15:H15)=0,"",IF(OR(A15="",D15="",E15="",F15=""),"Incomplete",IF(F15="Unresolved","Review","OK")))
A16: =IF('Start Here'!$B$8="Paste Import",'Paste Import'!A16,'Manual Input'!A16) | B16: =IF('Start Here'!$B$8="Paste Import",'Paste Import'!B16,'Manual Input'!B16) | C16: =IF('Start Here'!$B$8="Paste Import",'Paste Import'!C16,'Manual Input'!C16) | D16: =IF('Start Here'!$B$8="Paste Import",'Paste Import'!D16,'Manual Input'!D16) | E16: =IF('Start Here'!$B$8="Paste Import",'Paste Import'!E16,'Manual Input'!E16) | F16: =IF('Start Here'!$B$8="Paste Import",'Paste Import'!F16,'Manual Input'!F16) | G16: =IF('Start Here'!$B$8="Paste Import",'Paste Import'!G16,'Manual Input'!G16) | H16: =IF('Start Here'!$B$8="Paste Import",'Paste Import'!H16,'Manual Input'!H16) | I16: =IF(B16="","",IF(COUNTIF($B$6:$B$105,B16)>1,"Duplicate","")) | J16: =IF(COUNTA(A16:H16)=0,"",IF(OR(A16="",D16="",E16="",F16=""),"Incomplete",IF(F16="Unresolved","Review","OK")))
A17: =IF('Start Here'!$B$8="Paste Import",'Paste Import'!A17,'Manual Input'!A17) | B17: =IF('Start Here'!$B$8="Paste Import",'Paste Import'!B17,'Manual Input'!B17) | C17: =IF('Start Here'!$B$8="Paste Import",'Paste Import'!C17,'Manual Input'!C17) | D17: =IF('Start Here'!$B$8="Paste Import",'Paste Import'!D17,'Manual Input'!D17) | E17: =IF('Start Here'!$B$8="Paste Import",'Paste Import'!E17,'Manual Input'!E17) | F17: =IF('Start Here'!$B$8="Paste Import",'Paste Import'!F17,'Manual Input'!F17) | G17: =IF('Start Here'!$B$8="Paste Import",'Paste Import'!G17,'Manual Input'!G17) | H17: =IF('Start Here'!$B$8="Paste Import",'Paste Import'!H17,'Manual Input'!H17) | I17: =IF(B17="","",IF(COUNTIF($B$6:$B$105,B17)>1,"Duplicate","")) | J17: =IF(COUNTA(A17:H17)=0,"",IF(OR(A17="",D17="",E17="",F17=""),"Incomplete",IF(F17="Unresolved","Review","OK")))
... A105: =IF('Start Here'!$B$8="Paste Import",'Paste Import'!A105,'Manual Input'!A105) | B105: =IF('Start Here'!$B$8="Paste Import",'Paste Import'!B105,'Manual Input'!B105) | C105: =IF('Start Here'!$B$8="Paste Import",'Paste Import'!C105,'Manual Input'!C105) | D105: =IF('Start Here'!$B$8="Paste Import",'Paste Import'!D105,'Manual Input'!D105) | E105: =IF('Start Here'!$B$8="Paste Import",'Paste Import'!E105,'Manual Input'!E105) | F105: =IF('Start Here'!$B$8="Paste Import",'Paste Import'!F105,'Manual Input'!F105) | G105: =IF('Start Here'!$B$8="Paste Import",'Paste Import'!G105,'Manual Input'!G105) | H105: =IF('Start Here'!$B$8="Paste Import",'Paste Import'!H105,'Manual Input'!H105) | I105: =IF(B105="","",IF(COUNTIF($B$6:$B$105,B105)>1,"Duplicate","")) | J105: =IF(COUNTA(A105:H105)=0,"",IF(OR(A105="",D105="",E105="",F105=""),"Incomplete",IF(F105="Unresolved","Review","OK")))

Sheet Summary
A1: Bank Reconciliation — Summary
A3: Printable reconciliation control and sign-off workpaper
A5: Client | B5: ='Start Here'!B4 -> Northstar Components LLC | C5: Statement Date | D5: =IF('Start Here'!$B$8="Paste Import",'Paste Import'!B4,'Manual Input'!B4) -> 46203 | E5: Prepared By | F5: ='Start Here'!B7 -> Taylor Morgan | G5: Status | H5: =IF(AND(ABS(F15)<='Start Here'!$B$11,B18=0),"Complete","Review") -> Review
A8: Statement Balance | C8: Book Balance
B9: =IF('Start Here'!$B$8="Paste Import",'Paste Import'!B2,'Manual Input'!B2) -> 51200 | D9: =IF('Start Here'!$B$8="Paste Import",'Paste Import'!B3,'Manual Input'!B3) -> 50000
A11: Outstanding Checks | C11: Deposits in Transit | E11: Bank Adjustments | G11: Book Adjustments
B12: =SUMIFS('Review'!$D$6:$D$105,'Review'!$F$6:$F$105,"Outstanding Check") -> 2500 | D12: =SUMIFS('Review'!$D$6:$D$105,'Review'!$F$6:$F$105,"Deposit in Transit") -> 3000 | F12: =SUMIFS('Review'!$D$6:$D$105,'Review'!$F$6:$F$105,"Bank Adjustment") -> -50 | H12: =SUMIFS('Review'!$D$6:$D$105,'Review'!$F$6:$F$105,"Book Adjustment") -> 1650
A14: Adjusted Bank | C14: Adjusted Books | E14: Difference
B15: =B9-B12+D12+F12 -> 51650 | D15: =D9+H12 -> 51650 | F15: =B15-D15 -> 0
A17: Unresolved Count | C17: Unresolved Amount
B18: =COUNTIF('Review'!$F$6:$F$105,"Unresolved") -> 1 | D18: =SUMIFS('Review'!$D$6:$D$105,'Review'!$F$6:$F$105,"Unresolved") -> 75
A20: Reviewer Notes
A21: Resolve the unidentified bank debit before the reconciliation can be marked Complete.

Sheet Lists
A1: Source | B1: Reconciliation Type | C1: Cleared Status | D1: Input Mode
A2: Bank | B2: Cleared | C2: Open | D2: Paste Import
A3: Books | B3: Outstanding Check | C3: Cleared | D3: Manual Input
B4: Deposit in Transit
B5: Bank Adjustment
B6: Book Adjustment
B7: Unresolved
