Workbook

Sheet Instructions
B1: 2026 Tip and Overtime Deduction Estimator (OBBBA)
B2: Estimate the federal 'no tax on tips' and 'no tax on overtime' deductions for clients or staff, tax years 2025 to 2028.
B4: What these deductions are
B5: The One Big Beautiful Bill Act (OBBBA, Public Law 119-21) created two new below-the-line deductions for tax years 2025 through 2028, claimed on Schedule 1-A and available whether or not the taxpayer itemizes:
B6: - Qualified tips deduction: up to $25,000 per return for voluntary tips received in an occupation the IRS lists as customarily and regularly tipped, reported on Form W-2, Form 1099, or Form 4137.
B7: - Qualified overtime deduction: up to $12,500 (single) or $25,000 (married filing jointly) for the PREMIUM portion of overtime required by section 7 of the Fair Labor Standards Act. Only the extra half of time-and-a-half qualifies, not the full overtime paycheck.
B8: Both deductions phase out once modified adjusted gross income (MAGI) passes $150,000 (single) or $300,000 (married filing jointly). Each deduction is reduced by $100 for every $1,000 of MAGI above the threshold. Parameters here reflect IRS guidance as of mid 2026; confirm current figures with your CPA before filing.
B10: Who qualifies
B11: - Tips: W-2 employees and self-employed workers in IRS-listed tipped occupations (servers, bartenders, stylists, drivers, and similar). Mandatory service charges do not count.
B12: - Overtime: workers whose overtime is required under the FLSA. Only the premium (half-time) portion shown on the W-2 as qualified overtime compensation is deductible.
B13: - Married taxpayers must file jointly to claim either deduction, and the return must include a valid Social Security number.
B15: How to use this workbook
... B23: This workbook is a planning estimate, not tax advice. It models the federal deduction only (state treatment varies) and ignores interactions with other credits and phase-outs. Confirm results with a qualified tax professional.

Sheet Settings
A1: Settings - OBBBA deduction parameters (tax years 2025-2028)
A2: Every formula on the Estimator sheet reads from this table. Edit yellow cells only.
A4: Parameter | B4: Single | C4: MFJ | D4: Notes
A5: Qualified tips deduction cap | B5: 25000 | C5: 25000 | D5: Per return; same cap for both statuses
A6: Qualified OT premium deduction cap | B6: 12500 | C6: 25000 | D6: FLSA half-time premium portion only
A7: Phase-out MAGI threshold | B7: 150000 | C7: 300000 | D7: Reduction starts above this MAGI
A9: Phase-out reduction per step | B9: 100 | D9: Deduction falls $100 per step over threshold
A10: Phase-out step size (MAGI) | B10: 1000 | D10: Each started $1,000 of excess MAGI = one step
A12: Default filing status (used for new rows) | B12: Single
A14: Source: IRS, One Big Beautiful Bill Act deductions for working Americans (Schedule 1-A), per guidance as of mid 2026.

Sheet Estimator
A1: Client / Employee | B1: Filing Status | C1: MAGI | D1: Qualified Tips Received | E1: Qualified OT Premium Pay | F1: Phase-out Reduction | G1: Tips Deduction | H1: OT Deduction | I1: Total Deduction | J1: Marginal Rate | K1: Est. Tax Saving
A2: Maria Lopez (server) | B2: Single | C2: 62000 | D2: 18400 | E2: 3200 | F2: =IF($B2="","",MAX(0,ROUNDUP(($C2-IF($B2="MFJ",Settings!$C$7,Settings!$B$7))/Settings!$B$10,0)*Settings!$B$9)) | G2: =IF($B2="","",MAX(0,MIN($D2,IF($B2="MFJ",Settings!$C$5,Settings!$B$5))-$F2)) | H2: =IF($B2="","",MAX(0,MIN($E2,IF($B2="MFJ",Settings!$C$6,Settings!$B$6))-$F2)) | I2: =IF($B2="","",$G2+$H2) | J2: 0.22 | K2: =IF($B2="","",$I2*$J2)
A3: James Chen (bartender) | B3: Single | C3: 88500 | D3: 31000 | E3: 5800 | F3: =IF($B3="","",MAX(0,ROUNDUP(($C3-IF($B3="MFJ",Settings!$C$7,Settings!$B$7))/Settings!$B$10,0)*Settings!$B$9)) | G3: =IF($B3="","",MAX(0,MIN($D3,IF($B3="MFJ",Settings!$C$5,Settings!$B$5))-$F3)) | H3: =IF($B3="","",MAX(0,MIN($E3,IF($B3="MFJ",Settings!$C$6,Settings!$B$6))-$F3)) | I3: =IF($B3="","",$G3+$H3) | J3: 0.24 | K3: =IF($B3="","",$I3*$J3)
A4: Priya & Dev Patel | B4: MFJ | C4: 142000 | D4: 12500 | E4: 9400 | F4: =IF($B4="","",MAX(0,ROUNDUP(($C4-IF($B4="MFJ",Settings!$C$7,Settings!$B$7))/Settings!$B$10,0)*Settings!$B$9)) | G4: =IF($B4="","",MAX(0,MIN($D4,IF($B4="MFJ",Settings!$C$5,Settings!$B$5))-$F4)) | H4: =IF($B4="","",MAX(0,MIN($E4,IF($B4="MFJ",Settings!$C$6,Settings!$B$6))-$F4)) | I4: =IF($B4="","",$G4+$H4) | J4: 0.22 | K4: =IF($B4="","",$I4*$J4)
A5: Robert Hale (line cook) | B5: Single | C5: 118000 | D5: 0 | E5: 15900 | F5: =IF($B5="","",MAX(0,ROUNDUP(($C5-IF($B5="MFJ",Settings!$C$7,Settings!$B$7))/Settings!$B$10,0)*Settings!$B$9)) | G5: =IF($B5="","",MAX(0,MIN($D5,IF($B5="MFJ",Settings!$C$5,Settings!$B$5))-$F5)) | H5: =IF($B5="","",MAX(0,MIN($E5,IF($B5="MFJ",Settings!$C$6,Settings!$B$6))-$F5)) | I5: =IF($B5="","",$G5+$H5) | J5: 0.24 | K5: =IF($B5="","",$I5*$J5)
A6: Angela Ruiz (stylist) | B6: Single | C6: 172400 | D6: 21000 | E6: 4100 | F6: =IF($B6="","",MAX(0,ROUNDUP(($C6-IF($B6="MFJ",Settings!$C$7,Settings!$B$7))/Settings!$B$10,0)*Settings!$B$9)) | G6: =IF($B6="","",MAX(0,MIN($D6,IF($B6="MFJ",Settings!$C$5,Settings!$B$5))-$F6)) | H6: =IF($B6="","",MAX(0,MIN($E6,IF($B6="MFJ",Settings!$C$6,Settings!$B$6))-$F6)) | I6: =IF($B6="","",$G6+$H6) | J6: 0.32 | K6: =IF($B6="","",$I6*$J6)
A7: Tom & Sarah Beck | B7: MFJ | C7: 560000 | D7: 26000 | E7: 22000 | F7: =IF($B7="","",MAX(0,ROUNDUP(($C7-IF($B7="MFJ",Settings!$C$7,Settings!$B$7))/Settings!$B$10,0)*Settings!$B$9)) | G7: =IF($B7="","",MAX(0,MIN($D7,IF($B7="MFJ",Settings!$C$5,Settings!$B$5))-$F7)) | H7: =IF($B7="","",MAX(0,MIN($E7,IF($B7="MFJ",Settings!$C$6,Settings!$B$6))-$F7)) | I7: =IF($B7="","",$G7+$H7) | J7: 0.35 | K7: =IF($B7="","",$I7*$J7)
F8: =IF($B8="","",MAX(0,ROUNDUP(($C8-IF($B8="MFJ",Settings!$C$7,Settings!$B$7))/Settings!$B$10,0)*Settings!$B$9)) | G8: =IF($B8="","",MAX(0,MIN($D8,IF($B8="MFJ",Settings!$C$5,Settings!$B$5))-$F8)) | H8: =IF($B8="","",MAX(0,MIN($E8,IF($B8="MFJ",Settings!$C$6,Settings!$B$6))-$F8)) | I8: =IF($B8="","",$G8+$H8) | K8: =IF($B8="","",$I8*$J8)
F9: =IF($B9="","",MAX(0,ROUNDUP(($C9-IF($B9="MFJ",Settings!$C$7,Settings!$B$7))/Settings!$B$10,0)*Settings!$B$9)) | G9: =IF($B9="","",MAX(0,MIN($D9,IF($B9="MFJ",Settings!$C$5,Settings!$B$5))-$F9)) | H9: =IF($B9="","",MAX(0,MIN($E9,IF($B9="MFJ",Settings!$C$6,Settings!$B$6))-$F9)) | I9: =IF($B9="","",$G9+$H9) | K9: =IF($B9="","",$I9*$J9)
F10: =IF($B10="","",MAX(0,ROUNDUP(($C10-IF($B10="MFJ",Settings!$C$7,Settings!$B$7))/Settings!$B$10,0)*Settings!$B$9)) | G10: =IF($B10="","",MAX(0,MIN($D10,IF($B10="MFJ",Settings!$C$5,Settings!$B$5))-$F10)) | H10: =IF($B10="","",MAX(0,MIN($E10,IF($B10="MFJ",Settings!$C$6,Settings!$B$6))-$F10)) | I10: =IF($B10="","",$G10+$H10) | K10: =IF($B10="","",$I10*$J10)
F11: =IF($B11="","",MAX(0,ROUNDUP(($C11-IF($B11="MFJ",Settings!$C$7,Settings!$B$7))/Settings!$B$10,0)*Settings!$B$9)) | G11: =IF($B11="","",MAX(0,MIN($D11,IF($B11="MFJ",Settings!$C$5,Settings!$B$5))-$F11)) | H11: =IF($B11="","",MAX(0,MIN($E11,IF($B11="MFJ",Settings!$C$6,Settings!$B$6))-$F11)) | I11: =IF($B11="","",$G11+$H11) | K11: =IF($B11="","",$I11*$J11)
A12: TOTALS | D12: =SUM(D2:D11) | E12: =SUM(E2:E11) | G12: =SUM(G2:G11) | H12: =SUM(H2:H11) | I12: =SUM(I2:I11) | K12: =SUM(K2:K11)
A14: Yellow cells are inputs. Phase-out: each deduction falls $100 per $1,000 of MAGI over $150,000 Single / $300,000 MFJ (Settings sheet). Planning estimate only - confirm with your CPA.
